Metrics,Values
mae_train,102.08777266243294
mse_train,188.21788901586055
rmse_train,13.719252494792148
mae_test,288.06852690037243
mse_test,506.20415299743235
rmse_test,22.498981154653034
