Metrics,Values
mae_train,321.70197300610687
mse_train,487.2717377921914
rmse_train,22.074232439480006
mae_test,346.00861101448277
mse_test,556.1863579355238
rmse_test,23.58360358247916
