Metrics,Values
mae_train,781.297197634448
mse_train,1029.29636641673
rmse_train,32.08264899313537
mae_test,1136.643578070462
mse_test,1503.711911747723
rmse_test,38.77772442714661
